id,topColor,bottomColor,ageRange,queueStartTime,accessoriesList
1,#ea394a,#f2fa5d,67,2022-05-31T10:49:11Z,Backpack
2,#e083ac,#ab1a7c,36,2022-11-12T05:11:27Z,Laptop Bag
3,#db200b,#f2404b,35,2022-06-28T02:15:16Z,Cap
4,#f60f3d,#be8d7e,7,2022-05-01T19:45:51Z,Backpack
5,#f5642d,#149cfd,9,2022-08-02T14:48:56Z,Laptop Bag
6,#c52b5d,#eb0a2f,59,2022-05-13T13:03:05Z,Laptop Bag
7,#e4a2d8,#7d7385,46,2022-12-25T03:02:55Z,Cap
8,#0b158e,#9e9245,7,2022-02-16T12:29:55Z,Laptop Bag
9,#78e423,#f731f4,32,2022-06-28T03:05:20Z,Laptop Bag
10,#82a652,#a366aa,19,2022-11-11T07:10:07Z,Laptop Bag
11,#c4f473,#b86096,75,2022-12-18T16:43:16Z,Cap
12,#d614dc,#0f40fe,72,2022-10-29T21:21:11Z,Backpack
13,#5bda80,#07f1b9,41,2023-01-01T10:18:09Z,Laptop Bag
14,#aef6b8,#d20f52,35,2022-11-17T10:50:05Z,Laptop Bag
15,#0b1db2,#0b7f6b,72,2022-09-30T07:49:22Z,Backpack
16,#35cb34,#b6d101,66,2022-12-03T22:05:41Z,Backpack
17,#a61b88,#80311f,59,2022-09-23T03:33:03Z,Cap
18,#fb0eaf,#558520,55,2022-03-02T10:19:34Z,Laptop Bag
19,#70c777,#15e9b0,29,2022-11-24T23:22:10Z,Laptop Bag
20,#7da94b,#8c52f6,53,2022-01-17T02:31:43Z,Laptop Bag
21,#ba23d7,#c32101,71,2022-08-22T20:32:58Z,Backpack
22,#8d162f,#abeade,70,2022-11-10T01:48:18Z,Cap
23,#94349d,#512100,57,2022-12-08T23:09:24Z,Laptop Bag
24,#3d40a6,#7d210f,27,2022-06-22T08:46:30Z,Cap
25,#b96c1c,#345bd9,38,2022-08-25T05:57:24Z,Laptop Bag
26,#99d438,#3fe796,69,2022-05-30T15:36:23Z,Backpack
27,#c9a66a,#4de690,46,2022-09-29T00:08:28Z,Laptop Bag
28,#cf8962,#86c493,75,2022-04-09T05:58:30Z,Laptop Bag
29,#a343a3,#2c84d2,38,2022-08-15T11:44:13Z,Laptop Bag
30,#ee7ae4,#5ac67d,37,2022-05-09T19:39:34Z,Cap
31,#93e6b9,#e05e08,20,2022-03-22T00:57:09Z,Backpack
32,#fb87f1,#c59551,25,2022-08-26T23:57:06Z,Cap
33,#fa1e69,#3701b3,66,2022-04-18T07:08:09Z,Laptop Bag
34,#1dd814,#96a182,13,2022-06-16T15:58:57Z,Cap
35,#bc399d,#084890,75,2022-05-25T06:20:32Z,Cap
36,#30412c,#c20209,40,2022-09-03T23:44:26Z,Laptop Bag
37,#fe47f4,#6adb94,77,2022-05-20T22:27:52Z,Cap
38,#2c34e9,#79ea72,59,2022-06-29T07:04:11Z,Laptop Bag
39,#41aec4,#43bde2,21,2022-03-05T02:06:24Z,Cap
40,#c4239a,#1c31a2,9,2022-07-14T01:36:52Z,Cap
41,#e2dcd8,#086a77,46,2022-05-26T04:58:12Z,Backpack
42,#44b8ea,#88f315,19,2022-04-06T23:19:41Z,Laptop Bag
43,#a7a69b,#4e6aa8,63,2022-11-12T02:43:52Z,Backpack
44,#b7157b,#16c09d,70,2022-04-04T06:43:00Z,Cap
45,#7acb29,#154128,34,2022-09-08T20:20:56Z,Laptop Bag
46,#b7cad2,#c98ec6,32,2022-03-21T04:03:05Z,Backpack
47,#6ff659,#4df76c,39,2022-01-30T11:43:28Z,Backpack
48,#70c4a4,#f7aea3,18,2022-05-01T03:04:52Z,Backpack
49,#aa85d9,#860f28,5,2022-09-15T21:10:18Z,Backpack
50,#45307e,#262a4b,61,2022-12-09T19:04:41Z,Backpack
51,#d3be25,#ea7da2,20,2022-10-05T08:21:34Z,Cap
52,#363e0d,#5d4534,54,2022-12-24T07:36:04Z,Cap
53,#752d28,#1f3c6a,13,2022-10-17T06:22:04Z,Backpack
54,#1baea6,#6a9d6e,12,2022-02-25T03:44:31Z,Laptop Bag
55,#1e64b6,#60af4b,67,2022-01-25T02:01:29Z,Cap
56,#b0e045,#60fc9d,9,2022-03-16T06:01:33Z,Cap
57,#f47a6f,#86b338,60,2022-10-30T08:36:53Z,Cap
58,#5f54cc,#29a469,33,2022-05-12T10:23:08Z,Laptop Bag
59,#2d0381,#395c18,7,2022-10-10T16:24:10Z,Cap
60,#66a8b9,#4206c6,44,2022-02-20T21:22:11Z,Cap
61,#ace685,#27bd7c,8,2022-01-27T03:03:16Z,Laptop Bag
62,#78bc22,#81d372,76,2022-11-07T09:53:22Z,Cap
63,#d188f1,#d9096c,75,2022-02-14T15:28:29Z,Cap
64,#14bd4f,#faa3ee,49,2022-02-13T03:01:53Z,Backpack
65,#2d5511,#ed6a4c,7,2022-03-31T18:36:24Z,Cap
66,#30d8ce,#82af07,39,2022-05-20T23:55:20Z,Laptop Bag
67,#2bbeb9,#53d79a,14,2022-10-12T13:44:32Z,Backpack
68,#125f48,#672419,43,2022-04-06T07:09:28Z,Laptop Bag
69,#56cc25,#5c44e9,47,2022-12-22T11:20:50Z,Cap
70,#de3656,#3c1e3d,79,2022-05-23T05:43:11Z,Laptop Bag
71,#edef89,#468e75,74,2022-04-08T05:17:24Z,Laptop Bag
72,#727d9a,#0cfbcb,6,2022-09-19T12:17:34Z,Backpack
73,#19dfdc,#2b8114,74,2022-09-15T11:01:07Z,Backpack
74,#de2c86,#e3a1ba,80,2022-06-21T02:25:07Z,Backpack
75,#7927ee,#1b91a3,34,2022-12-15T10:39:31Z,Laptop Bag
76,#ea8a17,#1fab12,51,2022-04-18T00:42:19Z,Cap
77,#6e707c,#a9531e,8,2022-07-27T13:16:29Z,Laptop Bag
78,#8cf18f,#2065a6,80,2022-01-21T16:41:26Z,Backpack
79,#481188,#c7aefa,28,2022-01-18T09:05:23Z,Backpack
80,#b50b30,#f18faf,46,2022-06-26T23:39:26Z,Laptop Bag
81,#5bc305,#64e350,68,2022-08-15T13:31:11Z,Cap
82,#3205b1,#7ed8e3,40,2022-05-04T22:26:17Z,Cap
83,#0aff34,#e9edc4,73,2022-03-24T08:07:48Z,Laptop Bag
84,#1518c2,#2d74e8,71,2022-12-23T17:11:04Z,Cap
85,#e5598e,#20d8ac,10,2022-08-23T03:34:20Z,Backpack
86,#b317e6,#180a1b,57,2022-09-30T05:29:35Z,Backpack
87,#e98501,#065357,76,2023-01-06T05:51:36Z,Cap
88,#46b48a,#f539a0,55,2022-11-12T06:20:53Z,Laptop Bag
89,#57cfaa,#902db4,58,2022-10-02T10:10:27Z,Cap
90,#972cf6,#0f9757,73,2022-08-28T15:32:42Z,Laptop Bag
91,#06f6d3,#0014c1,75,2022-02-28T23:19:34Z,Cap
92,#946a4e,#f8995a,48,2022-11-07T10:59:58Z,Cap
93,#861ba0,#0939f0,21,2022-06-14T14:43:51Z,Backpack
94,#662754,#0a4e85,74,2022-08-29T16:24:33Z,Laptop Bag
95,#2ad77e,#355e5c,58,2022-01-19T13:31:29Z,Cap
96,#37cbd3,#3190cd,57,2022-10-26T10:01:26Z,Laptop Bag
97,#e50b16,#764a37,65,2022-07-28T01:07:39Z,Cap
98,#47787e,#b4ba3e,77,2022-12-24T06:12:50Z,Cap
99,#31d3e5,#029104,68,2022-03-12T05:59:42Z,Laptop Bag
100,#d4f78e,#c8c832,54,2022-12-31T15:12:38Z,Laptop Bag
101,#5f0b85,#905572,9,2022-07-16T17:01:13Z,Laptop Bag
102,#f398ba,#dc75e3,39,2022-06-30T22:10:11Z,Cap
103,#1f1f89,#e60789,16,2022-11-13T23:45:58Z,Laptop Bag
104,#8cbc6b,#e5a781,80,2022-07-19T13:36:46Z,Backpack
105,#0cb902,#4d4a41,37,2022-05-16T06:01:41Z,Cap
106,#5e12f3,#c43674,45,2022-03-05T03:32:43Z,Cap
107,#143305,#d5c769,55,2022-09-15T12:06:13Z,Backpack
108,#9b9761,#e2d55d,6,2022-07-30T19:46:39Z,Backpack
109,#c6ebe5,#4db382,6,2022-12-20T00:55:19Z,Laptop Bag
110,#a19033,#adf278,45,2022-10-21T11:56:21Z,Cap
111,#8be2e3,#57216e,7,2022-10-14T06:44:43Z,Backpack
112,#66aa20,#1e071e,49,2022-10-17T21:10:39Z,Laptop Bag
113,#1f19fc,#560013,69,2022-06-02T18:49:05Z,Cap
114,#d92369,#304688,28,2022-05-18T09:04:58Z,Cap
115,#63a11e,#556a88,8,2022-07-21T08:22:24Z,Laptop Bag
116,#bff33e,#392b46,11,2022-10-24T14:49:42Z,Backpack
117,#efd71c,#13024c,43,2022-06-07T05:50:46Z,Backpack
118,#e7975a,#a14dc0,47,2022-07-02T20:26:06Z,Laptop Bag
119,#59aed8,#9f1f4c,25,2022-12-04T21:31:12Z,Cap
120,#a6b0cc,#ac4daf,12,2022-09-01T07:11:07Z,Laptop Bag
121,#39b7f9,#8e7ed7,42,2022-04-13T10:58:47Z,Cap
122,#d74b1a,#c2cdcf,60,2022-09-28T18:42:45Z,Laptop Bag
123,#2325ec,#9e743a,74,2022-03-08T11:17:10Z,Cap
124,#f919a1,#3fa998,39,2022-04-17T17:42:58Z,Backpack
125,#f501aa,#026f52,5,2022-03-09T03:35:18Z,Laptop Bag
126,#28bc44,#39c441,53,2023-01-05T18:08:16Z,Laptop Bag
127,#5caa00,#bab572,72,2023-01-04T14:30:52Z,Laptop Bag
128,#c9dd03,#340893,49,2022-09-03T23:06:23Z,Backpack
129,#d1347d,#9aaf76,71,2022-02-25T19:11:41Z,Cap
130,#fabbfe,#adc2d1,18,2022-03-02T14:42:46Z,Backpack
131,#8a478f,#40f004,72,2022-01-23T16:58:05Z,Laptop Bag
132,#8d45e6,#fe2b23,23,2022-05-25T21:05:15Z,Laptop Bag
133,#12343a,#c73a1a,40,2022-12-04T07:50:29Z,Cap
134,#229a07,#48ba44,54,2022-09-02T21:12:59Z,Cap
135,#aa2655,#6d943b,75,2022-02-05T09:31:46Z,Laptop Bag
136,#9633e4,#746dca,17,2022-04-29T01:39:53Z,Backpack
137,#73c024,#0907bb,63,2022-12-24T20:49:01Z,Cap
138,#07c09a,#44bc10,67,2022-08-14T18:48:14Z,Cap
139,#251b42,#66c229,19,2022-02-10T02:51:16Z,Laptop Bag
140,#bb868b,#8ab16a,75,2022-10-18T02:03:20Z,Backpack
141,#7cd162,#57becd,54,2022-03-20T20:27:53Z,Cap
142,#0bdb72,#f1f016,16,2022-04-24T08:00:34Z,Cap
143,#424b01,#203c47,72,2022-08-20T00:28:13Z,Cap
144,#fcafbd,#b876b4,59,2022-09-02T18:00:27Z,Laptop Bag
145,#80e3d2,#374c43,31,2022-07-17T04:39:40Z,Backpack
146,#cf64ea,#ccb00b,68,2022-04-15T09:20:30Z,Laptop Bag
147,#9785fa,#3a6572,53,2022-07-04T20:01:02Z,Laptop Bag
148,#d03a4f,#d574ee,47,2022-08-20T06:19:49Z,Laptop Bag
149,#cef38d,#f3f92e,28,2022-02-11T14:06:35Z,Backpack
150,#096b11,#59ee5d,18,2022-11-28T20:45:19Z,Cap
151,#555ddb,#3ea70c,55,2022-03-03T11:54:42Z,Laptop Bag
152,#42a80b,#428c40,10,2022-05-21T10:36:31Z,Cap
153,#47fc0d,#a60788,42,2022-09-21T11:38:18Z,Backpack
154,#b859cb,#218d11,77,2022-10-19T00:21:12Z,Cap
155,#baf172,#9f5084,79,2022-12-25T19:17:44Z,Backpack
156,#32350d,#4a6f2b,7,2022-08-06T19:55:44Z,Backpack
157,#2486b6,#439f85,72,2022-06-11T07:32:56Z,Laptop Bag
158,#ac4f4b,#59d7de,80,2022-06-10T20:53:25Z,Laptop Bag
159,#fc9a92,#00d3f0,29,2022-06-07T04:09:38Z,Cap
160,#def49f,#2b9822,57,2022-11-13T08:53:46Z,Backpack
161,#590f02,#489ef9,70,2022-04-05T12:17:14Z,Laptop Bag
162,#0901e1,#a47b5c,79,2022-04-14T02:42:29Z,Backpack
163,#5c3146,#bb7706,72,2022-05-28T14:33:43Z,Laptop Bag
164,#4b4c7e,#541239,51,2022-01-25T08:01:07Z,Backpack
165,#abcaa8,#c73cdb,78,2022-01-18T01:35:32Z,Laptop Bag
166,#cb3fa5,#42edd5,57,2022-11-26T14:47:32Z,Laptop Bag
167,#7402f8,#647224,80,2022-12-11T03:03:53Z,Cap
168,#4678d0,#240fb8,26,2022-03-31T13:12:38Z,Cap
169,#e3bf11,#24b61c,52,2022-03-28T14:29:09Z,Cap
170,#598dd7,#6a00fa,43,2022-07-07T18:04:47Z,Backpack
171,#7ec617,#621826,45,2022-01-27T06:35:42Z,Backpack
172,#356f81,#738e7f,45,2022-02-23T03:19:07Z,Laptop Bag
173,#3a5377,#91d39f,50,2022-03-05T12:37:03Z,Laptop Bag
174,#5a1171,#555444,29,2022-01-25T08:24:53Z,Cap
175,#80b453,#1d96db,19,2022-07-11T04:04:11Z,Laptop Bag
176,#1297cb,#a5d6d7,8,2022-06-24T23:09:49Z,Cap
177,#35e1eb,#1e772e,37,2022-01-22T19:42:03Z,Cap
178,#1b614e,#ca5124,21,2022-09-02T10:37:07Z,Backpack
179,#a3467d,#32ff7e,77,2022-12-15T01:59:32Z,Laptop Bag
180,#3a1005,#00766c,40,2022-02-12T06:35:22Z,Cap
181,#e69725,#4b83fd,61,2022-02-16T18:04:01Z,Laptop Bag
182,#9c02e3,#3dbc17,71,2022-07-24T05:42:56Z,Laptop Bag
183,#bda9d4,#5959f2,17,2022-02-17T20:04:42Z,Laptop Bag
184,#3fb4b6,#90199a,24,2022-11-17T16:42:35Z,Backpack
185,#7629c7,#709f69,29,2023-01-06T05:25:59Z,Cap
186,#dfc7e7,#e216aa,76,2022-02-13T23:08:15Z,Backpack
187,#3ab1eb,#c311d8,21,2022-11-13T22:36:06Z,Backpack
188,#56b701,#befc02,57,2022-06-26T05:33:47Z,Cap
189,#faaa28,#9ff872,64,2022-09-26T03:48:57Z,Laptop Bag
190,#5a6c8c,#44de26,58,2022-04-18T08:58:52Z,Backpack
191,#ea920a,#e8b7f2,80,2022-09-02T14:16:39Z,Cap
192,#6f9ba7,#b1273a,8,2022-06-02T05:06:11Z,Cap
193,#111724,#fd8e9d,62,2022-12-15T11:42:14Z,Backpack
194,#24b1da,#457730,67,2022-02-12T05:05:32Z,Backpack
195,#71c7b3,#bbe470,64,2022-03-17T05:09:44Z,Cap
196,#2096c4,#ba4404,75,2022-09-16T18:32:53Z,Laptop Bag
197,#9da31f,#c7f05e,67,2022-04-08T11:33:35Z,Backpack
198,#acbd81,#8aca88,40,2022-02-22T14:50:38Z,Laptop Bag
199,#a616f4,#ddd6b3,15,2022-01-28T13:59:30Z,Laptop Bag
200,#a22969,#b3cd1b,31,2022-05-28T17:46:49Z,Backpack
201,#9d29f2,#3889dc,51,2022-12-12T02:04:47Z,Laptop Bag
202,#651d64,#660133,25,2022-12-24T05:08:20Z,Backpack
203,#fea815,#6b237c,11,2022-10-24T11:57:57Z,Laptop Bag
204,#87aee2,#ecc0e8,41,2022-11-03T04:53:13Z,Laptop Bag
205,#8cad51,#df5313,64,2022-10-14T00:02:35Z,Laptop Bag
206,#b8b937,#c20c88,12,2022-03-31T22:26:55Z,Laptop Bag
207,#3d0944,#da6470,13,2022-01-20T04:36:31Z,Laptop Bag
208,#52be14,#37b5bb,9,2022-04-07T07:59:05Z,Cap
209,#d435ba,#936623,42,2022-08-14T08:59:18Z,Cap
210,#c12bea,#cd9c3e,35,2022-04-25T07:35:18Z,Backpack
211,#bafec8,#daa272,69,2022-02-10T16:23:01Z,Laptop Bag
212,#0c9e87,#7abba7,49,2022-12-23T10:15:31Z,Laptop Bag
213,#d7f571,#58bb85,46,2022-02-13T08:37:20Z,Cap
214,#9e789a,#73e7f4,76,2022-05-31T18:37:48Z,Laptop Bag
215,#5eaeaf,#fcc28c,63,2022-03-09T20:15:25Z,Backpack
216,#17e1bc,#25a8ab,14,2022-07-05T16:47:49Z,Backpack
217,#acdf3c,#a7844f,8,2022-08-13T12:32:00Z,Cap
218,#a9f518,#2fccb9,10,2022-02-22T08:04:08Z,Cap
219,#3d1d47,#fb746f,44,2022-07-02T11:18:33Z,Laptop Bag
220,#ab3d95,#31ac3d,12,2022-06-12T11:05:40Z,Cap
221,#bb7849,#cbdaa9,31,2022-05-09T06:25:57Z,Cap
222,#f19072,#6fe996,30,2022-10-24T01:53:32Z,Backpack
223,#81ae01,#bc1f42,25,2022-12-01T03:47:10Z,Laptop Bag
224,#e4fbfe,#18c824,23,2022-07-12T00:13:09Z,Laptop Bag
225,#5e936c,#498788,59,2022-10-11T19:40:57Z,Laptop Bag
226,#493a38,#da4a2c,30,2022-02-22T09:04:52Z,Cap
227,#ecc24a,#f743e0,23,2022-04-27T08:42:40Z,Cap
228,#eb8b4e,#e0a82e,6,2022-04-17T07:13:58Z,Laptop Bag
229,#b098ef,#418bad,11,2022-03-24T11:23:07Z,Backpack
230,#331d44,#c5e8cb,59,2022-09-20T23:21:21Z,Cap
231,#396483,#e123e6,70,2022-09-14T06:24:06Z,Cap
232,#5c174c,#bc6640,39,2022-11-26T00:32:28Z,Laptop Bag
233,#025e1f,#5a8a5e,65,2022-04-06T10:27:31Z,Cap
234,#a9cde8,#2b4bd3,18,2022-10-16T09:59:30Z,Cap
235,#64b4d8,#82ba0d,24,2022-09-21T16:18:44Z,Cap
236,#c3cdde,#d8ef14,43,2022-07-08T01:17:29Z,Backpack
237,#284301,#3896e1,46,2022-10-27T16:33:19Z,Laptop Bag
238,#f12086,#273bc4,24,2022-06-11T06:22:15Z,Laptop Bag
239,#2a5dbb,#509247,46,2022-06-30T19:01:45Z,Cap
240,#7e7f6c,#fff69b,21,2022-06-22T11:28:12Z,Backpack
241,#09e618,#ff5b4e,56,2022-08-22T06:54:08Z,Cap
242,#f17c68,#307940,52,2022-08-26T01:34:12Z,Laptop Bag
243,#4141c8,#2cbdb4,20,2022-07-06T13:29:15Z,Backpack
244,#1507cf,#a620c3,74,2022-05-27T08:50:28Z,Backpack
245,#c9c41c,#c99ba0,13,2022-01-11T19:06:30Z,Laptop Bag
246,#0447d1,#7367a2,48,2022-02-07T09:16:57Z,Backpack
247,#392027,#1eef50,27,2022-12-19T02:59:16Z,Laptop Bag
248,#0c46d4,#43f647,31,2022-07-24T06:25:55Z,Cap
249,#0ddbab,#04cfca,63,2022-09-07T01:03:53Z,Laptop Bag
250,#1838af,#ede7f0,36,2022-11-24T21:02:04Z,Cap
251,#0dcbc0,#a1ca8f,10,2022-11-07T11:52:31Z,Laptop Bag
252,#20ab2e,#d94cf3,48,2022-05-08T10:04:44Z,Laptop Bag
253,#f1bea6,#6fa71a,45,2022-05-01T02:45:17Z,Cap
254,#cc2ea3,#281d9c,50,2022-01-30T12:12:09Z,Laptop Bag
255,#65b6e7,#0a6bfc,8,2022-04-05T08:28:32Z,Laptop Bag
256,#2db922,#2f16fa,52,2022-05-17T09:53:10Z,Cap
257,#3b5e95,#797531,6,2022-11-16T02:49:40Z,Backpack
258,#650f04,#5a8f8f,61,2023-01-01T11:16:51Z,Laptop Bag
259,#c02860,#f0fde3,49,2022-10-27T05:11:38Z,Laptop Bag
260,#336f11,#2aff58,6,2022-06-11T06:33:06Z,Cap
261,#d9a93f,#41a9cd,6,2022-09-05T18:20:50Z,Cap
262,#912543,#f6505e,67,2022-11-05T18:27:39Z,Laptop Bag
263,#51820c,#272385,62,2022-12-02T12:49:23Z,Laptop Bag
264,#67933f,#dd11d2,51,2022-10-27T12:43:41Z,Laptop Bag
265,#2dd1fa,#92020e,45,2022-07-19T12:40:36Z,Backpack
266,#bd3e4d,#d8dbf0,66,2022-03-24T20:46:28Z,Cap
267,#a78b3d,#d7fffc,53,2022-05-28T15:18:38Z,Laptop Bag
268,#0eb6fb,#0a8fc6,34,2022-01-27T12:53:15Z,Cap
269,#eed5e5,#139784,18,2022-02-19T00:36:03Z,Laptop Bag
270,#b66415,#f6236c,45,2022-02-14T00:00:46Z,Laptop Bag
271,#1b2685,#69b894,10,2022-10-03T20:44:51Z,Laptop Bag
272,#fd625f,#ff1590,70,2022-11-27T22:08:34Z,Backpack
273,#c04d0b,#63d661,39,2022-04-24T01:42:52Z,Cap
274,#835fd3,#c83479,13,2022-12-27T21:22:47Z,Backpack
275,#07522a,#a55f48,24,2022-03-19T21:28:18Z,Backpack
276,#f1e6d8,#13d7a9,69,2022-06-19T11:57:38Z,Cap
277,#e1bd26,#01b4a1,15,2022-01-26T19:00:00Z,Cap
278,#859f81,#c22d4f,68,2022-04-05T18:27:15Z,Cap
279,#0a2d28,#53fd89,72,2022-02-04T06:16:46Z,Backpack
280,#e18cef,#851b89,64,2022-09-27T20:38:17Z,Cap
281,#759dec,#f267ca,21,2022-01-25T08:30:18Z,Backpack
282,#118b44,#b23ad0,7,2022-10-15T22:24:00Z,Laptop Bag
283,#2d1d78,#460ec6,63,2022-02-10T04:37:38Z,Laptop Bag
284,#3868a1,#60c424,30,2022-11-07T21:10:42Z,Cap
285,#e603b4,#55f6c2,45,2022-02-25T05:53:10Z,Laptop Bag
286,#de175c,#cb9023,43,2022-11-11T02:39:54Z,Backpack
287,#813290,#0ee9f1,71,2022-11-07T08:51:47Z,Laptop Bag
288,#f1ba19,#89b255,20,2022-04-14T07:12:57Z,Laptop Bag
289,#021bc4,#cbc86b,61,2022-10-17T00:39:48Z,Cap
290,#bce530,#6ad85e,57,2022-05-05T18:37:17Z,Cap
291,#096da5,#55a6f9,46,2022-04-02T10:45:50Z,Laptop Bag
292,#db1bd4,#752d46,35,2022-03-19T23:13:11Z,Cap
293,#52622a,#4ffba9,55,2022-03-22T20:54:50Z,Laptop Bag
294,#6ac34c,#c0f8fe,77,2022-12-30T09:18:20Z,Backpack
295,#619b75,#fa79a8,20,2022-10-25T08:55:18Z,Cap
296,#380273,#bae45c,50,2022-05-23T05:10:30Z,Cap
297,#ccaae3,#e4a21b,59,2023-01-08T16:03:17Z,Cap
298,#dbfd96,#05bfb6,18,2022-03-16T12:23:23Z,Cap
299,#0fc3a9,#af674c,11,2022-12-27T05:02:07Z,Backpack
300,#2b71ab,#17793c,48,2022-02-05T14:53:42Z,Laptop Bag
301,#07e802,#7695b2,26,2022-09-25T16:37:17Z,Cap
302,#8dd3db,#873b57,35,2022-02-24T15:46:32Z,Laptop Bag
303,#66ac4f,#cfa25e,69,2022-01-28T07:13:38Z,Cap
304,#070373,#6989df,22,2022-06-17T09:53:30Z,Cap
305,#ff8350,#8d360c,38,2022-08-02T23:34:36Z,Backpack
306,#28d64e,#968e7f,5,2022-11-12T14:13:45Z,Backpack
307,#9cdf27,#e05d3f,66,2022-10-05T08:22:50Z,Cap
308,#f9e41e,#7723b1,66,2022-01-10T15:40:51Z,Cap
309,#1da5ec,#94d740,15,2022-03-14T21:07:58Z,Laptop Bag
310,#5e4467,#172f93,43,2022-12-11T19:44:52Z,Backpack
311,#ab65db,#75d0e9,68,2022-05-09T16:09:48Z,Backpack
312,#5bfaad,#e5db42,15,2022-01-26T05:49:21Z,Cap
313,#7f5f23,#f8b22c,25,2022-11-21T11:56:00Z,Laptop Bag
314,#84b4a8,#3268e2,77,2022-09-29T19:36:16Z,Backpack
315,#cc7a0d,#27a243,66,2022-04-12T13:53:11Z,Laptop Bag
316,#39e370,#2754b7,21,2022-03-13T08:51:57Z,Laptop Bag
317,#b93868,#21dd0d,53,2022-06-25T14:15:39Z,Laptop Bag
318,#c07498,#a6e4c3,80,2022-06-04T07:34:13Z,Cap
319,#5ee8ce,#3f8739,40,2022-11-18T17:18:24Z,Cap
320,#b21105,#7165ac,30,2022-11-10T15:59:09Z,Backpack
321,#a2645a,#21d845,49,2022-01-10T02:12:32Z,Backpack
322,#7ff904,#d5dfab,25,2022-05-02T04:58:30Z,Backpack
323,#d344b0,#4a8c25,9,2022-08-01T07:49:35Z,Laptop Bag
324,#b5a6b9,#63266a,18,2022-04-30T16:20:55Z,Laptop Bag
325,#0825f3,#56313d,47,2022-10-15T09:19:46Z,Backpack
326,#099f69,#2d9dc6,65,2022-03-12T22:14:28Z,Cap
327,#1ddf3a,#3f193b,22,2022-09-11T07:21:31Z,Cap
328,#6b2478,#33e12a,10,2022-11-10T19:36:08Z,Backpack
329,#8c6746,#a9a833,20,2022-06-21T14:32:34Z,Laptop Bag
330,#02c453,#c14486,25,2022-09-11T19:16:42Z,Laptop Bag
331,#a3dfd0,#a19833,34,2022-08-22T09:15:24Z,Backpack
332,#a250be,#981e49,58,2022-06-12T19:00:21Z,Backpack
333,#b591de,#4feb14,61,2022-07-19T01:19:43Z,Backpack
334,#b846eb,#e0da82,45,2022-10-04T08:58:32Z,Laptop Bag
335,#81fe9f,#b77e5d,29,2022-08-11T15:27:32Z,Cap
336,#02aa21,#ed220c,75,2022-04-03T02:43:34Z,Backpack
337,#6fb660,#d4735d,32,2022-12-26T12:38:31Z,Cap
338,#1c1546,#bdbe5d,12,2022-03-25T12:49:48Z,Laptop Bag
339,#bb6165,#815f81,52,2022-04-28T22:02:01Z,Backpack
340,#198acd,#3206ad,79,2022-04-08T16:40:54Z,Laptop Bag
341,#f424e8,#5103fd,32,2022-03-16T06:39:24Z,Backpack
342,#7ed93d,#df8b38,5,2022-01-20T20:11:44Z,Laptop Bag
343,#315534,#5cc91d,76,2022-10-18T17:43:35Z,Backpack
344,#fc0737,#e85d04,43,2022-09-21T23:26:51Z,Cap
345,#3523d0,#8e8b59,7,2022-10-11T16:13:04Z,Laptop Bag
346,#3af9a1,#20a58b,60,2022-11-07T09:22:21Z,Laptop Bag
347,#64dc32,#75faa5,73,2022-07-04T23:38:53Z,Cap
348,#822932,#8d980b,14,2022-10-19T15:47:45Z,Cap
349,#442ef7,#95e5cd,54,2022-05-23T17:19:21Z,Backpack
350,#b2eefd,#29ace4,6,2022-08-04T05:24:47Z,Laptop Bag
351,#3ba1e3,#e695de,23,2022-12-31T00:10:46Z,Backpack
352,#2ade33,#216145,46,2022-05-09T08:16:02Z,Laptop Bag
353,#9e3d20,#b044a5,34,2022-04-13T16:41:02Z,Backpack
354,#6a0a45,#5682cf,71,2022-07-28T14:56:45Z,Cap
355,#ed0195,#9d3db0,19,2022-10-23T16:00:53Z,Backpack
356,#784702,#37254b,48,2022-04-30T07:53:14Z,Backpack
357,#c914fb,#4289f5,37,2022-10-16T08:21:28Z,Backpack
358,#76cc94,#bb2b3f,56,2022-12-09T15:34:41Z,Backpack
359,#a1c8bc,#2a260d,32,2022-03-03T20:38:15Z,Backpack
360,#45d815,#0ffdca,76,2023-01-04T17:19:35Z,Backpack
361,#0211f9,#3be28d,70,2022-11-03T15:39:41Z,Backpack
362,#786cd5,#057325,43,2022-12-18T07:37:40Z,Backpack
363,#b06684,#955522,6,2022-03-11T21:52:01Z,Laptop Bag
364,#fca9fb,#055e42,24,2022-02-08T23:34:28Z,Cap
365,#d13e9c,#6c0244,60,2022-11-11T16:12:26Z,Cap
366,#8af9cc,#393cb1,14,2022-10-18T06:01:23Z,Cap
367,#3d3954,#566da2,28,2022-06-05T10:47:35Z,Cap
368,#51ab29,#e92527,60,2022-08-06T18:34:59Z,Backpack
369,#a9e905,#d2fe1e,21,2022-08-16T19:31:49Z,Cap
370,#f69101,#860f2e,60,2022-03-26T19:27:17Z,Laptop Bag
371,#030a13,#2b51f0,12,2022-06-16T13:24:45Z,Laptop Bag
372,#8fb0b3,#59aac1,28,2022-10-17T21:25:44Z,Cap
373,#14562c,#c25898,23,2022-09-13T09:48:53Z,Backpack
374,#862be5,#aaab06,45,2022-06-24T07:04:39Z,Backpack
375,#f6c371,#051f71,25,2022-04-09T08:43:03Z,Laptop Bag
376,#14e5ee,#906b5e,17,2022-03-02T20:32:03Z,Backpack
377,#394616,#acbd49,50,2022-07-24T01:03:30Z,Cap
378,#d416dd,#9c2598,53,2022-06-23T16:05:27Z,Cap
379,#dc08b3,#3775a2,23,2022-07-26T01:43:58Z,Laptop Bag
380,#964d96,#b7f9b3,24,2022-08-23T06:19:48Z,Backpack
381,#3f0912,#218428,35,2022-12-26T15:32:48Z,Backpack
382,#a8991d,#aabb60,25,2022-08-22T09:44:25Z,Cap
383,#9c634d,#cd645f,31,2022-04-24T16:12:20Z,Backpack
384,#70419b,#7bb25c,31,2022-12-10T02:46:26Z,Laptop Bag
385,#1670bd,#044946,10,2022-02-13T15:59:08Z,Cap
386,#aba1f5,#15f34d,75,2022-08-03T11:52:47Z,Backpack
387,#24a641,#d9e165,16,2022-11-20T14:02:56Z,Laptop Bag
388,#af75c5,#ece897,60,2022-11-09T21:50:33Z,Backpack
389,#6b140f,#d13525,9,2022-09-24T04:22:59Z,Laptop Bag
390,#6d462e,#0f5df4,29,2022-10-27T14:50:29Z,Laptop Bag
391,#8b46b6,#b382be,42,2022-09-21T10:57:48Z,Laptop Bag
392,#ae4c72,#19a559,41,2022-11-03T23:48:17Z,Laptop Bag
393,#d7473e,#dc6733,21,2022-12-31T12:02:08Z,Backpack
394,#04c540,#bdbc04,74,2022-06-03T22:17:03Z,Cap
395,#df3b4b,#8e8466,6,2022-04-24T13:38:35Z,Cap
396,#6c9536,#1908fd,73,2022-06-12T02:08:38Z,Cap
397,#15bffa,#1e589f,48,2022-10-30T21:45:05Z,Laptop Bag
398,#df0dd3,#88d843,36,2022-04-02T10:24:52Z,Backpack
399,#bcbc5e,#1317eb,11,2022-11-09T04:19:58Z,Laptop Bag
400,#e87c13,#598a59,64,2022-11-29T21:55:46Z,Laptop Bag
401,#e716af,#bf05d6,48,2022-05-26T17:34:36Z,Backpack
402,#91f3eb,#28f93e,52,2022-10-16T04:31:55Z,Cap
403,#37a59e,#3cc071,10,2022-03-07T22:34:28Z,Backpack
404,#0a466c,#2df68e,38,2022-08-28T16:08:54Z,Laptop Bag
405,#1712f6,#9c4e49,17,2022-09-10T03:59:50Z,Backpack
406,#b6640c,#106fc5,42,2022-02-03T13:15:46Z,Laptop Bag
407,#c37238,#91e81d,33,2022-03-09T11:39:07Z,Cap
408,#8e8f9c,#825c9f,12,2022-01-18T08:48:13Z,Cap
409,#14ae2e,#8997f9,24,2022-11-20T19:22:55Z,Cap
410,#7705ac,#a464f3,69,2022-06-22T17:28:30Z,Cap
411,#8ce564,#c94361,73,2022-03-25T16:37:59Z,Laptop Bag
412,#e7d4cd,#6773d7,16,2022-02-27T03:09:04Z,Laptop Bag
413,#97b89c,#2d0bc0,24,2022-06-13T11:12:49Z,Cap
414,#bc5956,#0df5a1,47,2022-02-23T02:21:37Z,Backpack
415,#cb8197,#611fb2,72,2022-12-22T19:36:03Z,Cap
416,#0110f1,#c9d53c,24,2022-09-30T16:29:37Z,Laptop Bag
417,#bf78fc,#6090fc,66,2022-12-15T02:38:46Z,Cap
418,#d22427,#af0973,68,2022-10-27T13:27:50Z,Backpack
419,#a57908,#71e127,80,2022-06-19T10:48:09Z,Laptop Bag
420,#884ac2,#4f7106,53,2022-01-19T07:29:36Z,Laptop Bag
421,#ab5d19,#af603a,57,2022-04-14T19:39:53Z,Cap
422,#548dd3,#7e0711,23,2022-12-22T14:54:08Z,Laptop Bag
423,#0c6ee6,#0d3701,14,2022-05-16T17:50:15Z,Backpack
424,#8ef2c3,#d96d4a,27,2022-08-10T05:30:44Z,Cap
425,#f27c37,#4f6254,72,2022-09-28T03:25:41Z,Cap
426,#77b0d9,#3be115,60,2022-07-31T16:06:53Z,Backpack
427,#5b813c,#1fe5cd,63,2022-05-12T21:05:36Z,Laptop Bag
428,#42fb6f,#9b0167,57,2022-03-12T17:40:56Z,Cap
429,#5a62f2,#964005,22,2022-03-26T21:27:58Z,Cap
430,#95c3c0,#c1e06b,45,2022-02-16T01:41:06Z,Backpack
431,#f97e89,#e696e7,68,2022-02-19T05:06:15Z,Cap
432,#586e19,#e196b9,46,2022-05-21T23:17:57Z,Cap
433,#2397f7,#7ebdea,30,2022-06-02T09:05:27Z,Laptop Bag
434,#38139f,#34d7b7,51,2022-03-03T19:42:32Z,Backpack
435,#b75140,#20edc8,63,2022-08-24T01:28:04Z,Laptop Bag
436,#46f101,#f694be,42,2022-05-25T13:59:27Z,Laptop Bag
437,#36e487,#465903,5,2022-05-19T08:48:47Z,Laptop Bag
438,#176fb1,#3ff8d5,59,2022-12-05T12:24:21Z,Cap
439,#4866b3,#acb859,30,2022-11-15T21:41:30Z,Laptop Bag
440,#9bd1e5,#5ee43e,61,2022-05-15T16:01:44Z,Cap
441,#c79469,#e44810,72,2022-08-31T09:08:40Z,Laptop Bag
442,#5cee8c,#50439e,34,2022-10-29T07:16:39Z,Laptop Bag
443,#c3db3d,#2aa6bc,76,2022-12-15T14:02:36Z,Cap
444,#4111cb,#b1cf65,21,2022-12-19T16:54:56Z,Backpack
445,#aac812,#915774,23,2022-11-12T08:49:12Z,Laptop Bag
446,#6fa93d,#3a2268,17,2022-05-24T06:04:14Z,Cap
447,#fa5eae,#bb1c7c,49,2022-07-01T18:28:59Z,Cap
448,#472ad6,#825cbb,23,2022-08-23T12:57:24Z,Cap
449,#14a548,#e127bc,72,2022-06-03T08:42:01Z,Laptop Bag
450,#645a77,#76f241,38,2022-08-16T15:42:49Z,Laptop Bag
451,#00cb6d,#2ba73b,8,2022-03-21T17:35:28Z,Cap
452,#810c16,#359b72,38,2022-04-20T11:35:35Z,Cap
453,#0cc9dd,#129795,21,2022-06-19T17:12:26Z,Cap
454,#2999d2,#c3a5a6,30,2022-10-21T20:52:43Z,Cap
455,#fbd5c2,#8665b2,38,2022-01-15T12:50:17Z,Cap
456,#600cd3,#983594,76,2022-05-26T23:59:25Z,Laptop Bag
457,#6799fa,#ee6071,6,2022-12-29T10:03:37Z,Backpack
458,#312b2b,#c7372e,52,2022-12-24T08:47:02Z,Backpack
459,#e01706,#21c142,76,2022-07-25T21:25:32Z,Backpack
460,#746d69,#524cc2,42,2022-05-16T21:34:30Z,Cap
461,#e562a8,#adb64e,63,2022-09-10T07:36:58Z,Cap
462,#b229b9,#5beb19,58,2022-04-23T11:42:07Z,Laptop Bag
463,#92bd61,#3f5a4c,42,2022-07-26T21:09:36Z,Laptop Bag
464,#58ba64,#9b9c34,43,2023-01-01T11:57:10Z,Cap
465,#837175,#98daef,79,2022-11-28T19:49:02Z,Cap
466,#5c337e,#5f577b,73,2022-02-10T00:02:10Z,Cap
467,#2d7fbd,#8edf0b,36,2022-07-04T14:15:49Z,Backpack
468,#f8597a,#f9c1e7,45,2022-05-30T00:01:30Z,Backpack
469,#d43760,#1720aa,11,2022-12-16T07:55:42Z,Backpack
470,#b26fb8,#7cdd76,9,2022-09-25T02:16:52Z,Cap
471,#9b6baf,#4d88c7,26,2022-01-24T06:25:39Z,Laptop Bag
472,#36caa5,#04be0a,77,2022-11-24T02:59:01Z,Laptop Bag
473,#58eb9b,#d4d90e,70,2022-06-14T08:11:27Z,Cap
474,#7d36b3,#f44f26,54,2022-06-22T18:30:28Z,Backpack
475,#6ee81c,#4f82c8,50,2022-07-15T21:48:07Z,Backpack
476,#131024,#f6b2e1,13,2022-01-14T21:36:11Z,Cap
477,#2bd20e,#55872e,75,2022-10-29T15:40:54Z,Cap
478,#c406c8,#6ac414,64,2022-09-19T21:07:29Z,Cap
479,#faefbf,#3a4ebe,38,2022-11-12T00:51:13Z,Backpack
480,#763e78,#4a5f21,78,2022-12-01T17:06:11Z,Backpack
481,#ffea54,#fac3da,66,2022-03-25T03:25:38Z,Cap
482,#259bf1,#b1f0da,8,2022-08-04T12:16:34Z,Laptop Bag
483,#1f1b5b,#917d15,75,2022-04-12T14:39:14Z,Cap
484,#a3b34a,#7b2ecc,61,2022-02-11T03:48:05Z,Backpack
485,#117742,#f00610,77,2022-03-04T01:28:07Z,Cap
486,#a3fb04,#ac4ab2,38,2022-02-11T23:09:18Z,Laptop Bag
487,#154cfd,#1cef9d,10,2022-09-24T13:29:50Z,Cap
488,#cabe75,#778147,49,2022-12-15T03:59:05Z,Laptop Bag
489,#a12edd,#849f89,67,2022-12-17T09:17:05Z,Laptop Bag
490,#0af409,#13f2f4,80,2022-06-29T19:17:16Z,Backpack
491,#4855bc,#8da320,24,2022-12-01T09:16:57Z,Cap
492,#8855b5,#5f7553,30,2022-10-11T20:41:48Z,Backpack
493,#d84e32,#b40259,75,2022-02-24T15:18:48Z,Cap
494,#d0d1a0,#272004,22,2022-03-24T01:49:03Z,Cap
495,#d612bd,#fbfa8b,54,2022-03-20T10:34:52Z,Laptop Bag
496,#70f66f,#a0ff49,42,2022-09-14T03:55:40Z,Laptop Bag
497,#ba515c,#df2fff,12,2022-04-26T21:47:42Z,Backpack
498,#e9e565,#fcf39a,39,2022-02-07T14:49:21Z,Laptop Bag
499,#eb4abb,#f2880c,26,2022-07-04T04:21:48Z,Laptop Bag
500,#b2a240,#c7c270,16,2022-07-12T11:54:01Z,Backpack
501,#f8ba90,#3ba937,66,2022-10-26T23:51:20Z,Laptop Bag
502,#85969c,#e44138,80,2022-07-01T05:08:48Z,Backpack
503,#6f12d7,#a2d4b0,20,2022-04-25T15:50:35Z,Laptop Bag
504,#1a0bb4,#0535d2,19,2022-08-19T01:43:22Z,Cap
505,#ff802f,#0225db,46,2022-07-01T17:02:55Z,Cap
506,#bc63e3,#761ccd,34,2022-09-06T01:48:08Z,Cap
507,#4d0125,#914d0e,38,2022-08-11T21:28:51Z,Laptop Bag
508,#ee3947,#758289,70,2022-08-15T14:28:24Z,Backpack
509,#1173df,#ec1858,52,2022-12-18T08:28:49Z,Laptop Bag
510,#2e9de5,#c0a8a2,46,2022-05-11T04:18:26Z,Cap
511,#5e510e,#3cab99,68,2022-08-19T18:09:21Z,Backpack
512,#7a0538,#dae220,72,2022-07-23T22:30:15Z,Cap
513,#77c67c,#da953d,69,2022-11-16T01:41:46Z,Cap
514,#93f788,#0fe82c,8,2022-05-04T19:53:53Z,Backpack
515,#8b86b0,#9619f7,73,2022-11-12T22:49:42Z,Laptop Bag
516,#b94d5f,#a97a37,17,2022-09-30T10:35:48Z,Backpack
517,#61dac8,#aaef17,76,2022-12-02T18:28:18Z,Laptop Bag
518,#953184,#caeabc,50,2022-12-18T14:52:24Z,Cap
519,#0db0c0,#9bfa89,43,2022-10-10T18:52:44Z,Laptop Bag
520,#270c56,#f6f14e,64,2022-03-26T22:58:14Z,Cap
521,#b440b2,#06b662,29,2022-04-21T09:02:29Z,Backpack
522,#f2c6ca,#5574a3,45,2022-07-28T01:01:11Z,Laptop Bag
523,#270121,#449469,72,2022-09-18T20:49:50Z,Backpack
524,#1bd585,#8bcdf3,40,2022-07-25T21:10:34Z,Backpack
525,#01af79,#2a197d,67,2022-12-08T14:32:28Z,Backpack
526,#799795,#dcd979,80,2022-12-02T06:51:49Z,Laptop Bag
527,#8b4206,#3e978e,11,2022-12-14T14:12:59Z,Laptop Bag
528,#ba4307,#a047be,44,2022-06-06T22:18:05Z,Backpack
529,#bb2536,#c4afd6,23,2023-01-07T17:01:55Z,Laptop Bag
530,#b6a851,#43a5cb,78,2022-02-19T22:43:29Z,Backpack
531,#1f7245,#7333d8,63,2022-12-21T10:43:16Z,Laptop Bag
532,#64b7fc,#c9ce5c,45,2022-01-09T23:59:35Z,Cap
533,#59ec50,#12337f,47,2022-12-13T20:54:32Z,Cap
534,#a78374,#03a50b,45,2022-11-08T15:43:35Z,Cap
535,#28091d,#0220e8,64,2022-03-21T16:57:28Z,Backpack
536,#a2d42b,#12b18f,63,2022-09-29T12:24:57Z,Backpack
537,#e3be35,#fb70e7,43,2022-02-04T07:48:21Z,Cap
538,#8c2a4f,#3aec7d,43,2022-07-23T06:48:25Z,Cap
539,#aee489,#689181,80,2022-12-17T16:28:30Z,Backpack
540,#5c48c4,#7e5d1e,20,2022-07-12T08:48:00Z,Cap
541,#9877a2,#9e0a91,67,2022-02-10T07:52:28Z,Laptop Bag
542,#f574cd,#e8d1de,9,2022-04-08T13:07:16Z,Laptop Bag
543,#11c978,#bee6ec,45,2022-08-27T02:34:10Z,Laptop Bag
544,#bca688,#3976dd,23,2022-01-17T03:48:35Z,Cap
545,#e0db99,#934097,41,2022-01-23T16:26:55Z,Backpack
546,#74e1e6,#681f98,31,2022-04-23T20:00:04Z,Cap
547,#fb9b47,#55873e,78,2022-09-11T19:41:13Z,Backpack
548,#a357fc,#cb3f31,35,2022-09-04T14:03:10Z,Backpack
549,#955c16,#11ca21,59,2022-02-14T09:13:08Z,Cap
550,#6fe859,#01253b,14,2022-01-28T05:39:59Z,Laptop Bag
551,#7604da,#fdaf7d,17,2022-09-09T15:48:31Z,Cap
552,#33b6f3,#c1bf13,40,2022-06-30T23:56:00Z,Laptop Bag
553,#8c5091,#085809,12,2022-02-19T04:30:13Z,Laptop Bag
554,#aa651d,#5a96d4,5,2022-02-22T10:37:18Z,Laptop Bag
555,#f6bd66,#9d95ba,35,2023-01-04T11:28:56Z,Laptop Bag
556,#7b7aa9,#eae875,68,2022-12-26T08:56:16Z,Laptop Bag
557,#04f9ad,#406cef,23,2022-04-24T01:20:18Z,Cap
558,#551510,#f94d4b,48,2022-04-12T06:31:40Z,Laptop Bag
559,#ffbbd4,#e0466b,35,2022-12-18T01:01:58Z,Cap
560,#02c7bc,#ef16d5,36,2022-03-28T01:53:28Z,Cap
561,#7542a1,#16f28f,54,2022-07-27T14:59:19Z,Backpack
562,#d4ecd6,#6858a1,46,2022-07-18T11:26:01Z,Backpack
563,#258d30,#25a74b,78,2022-07-02T05:37:22Z,Cap
564,#23fcd3,#3c1342,6,2022-07-28T12:38:58Z,Cap
565,#717339,#72cf25,57,2022-08-28T19:24:35Z,Laptop Bag
566,#c752ff,#74f274,63,2022-09-06T02:41:05Z,Laptop Bag
567,#e22995,#868e02,10,2022-11-24T19:31:47Z,Laptop Bag
568,#683ca2,#e0379c,51,2022-07-12T11:05:20Z,Laptop Bag
569,#d01939,#945736,57,2022-04-12T11:54:39Z,Backpack
570,#18cd58,#49b2cb,21,2022-04-28T11:08:14Z,Backpack
571,#f91b54,#57b5e6,63,2022-01-10T04:33:18Z,Backpack
572,#ccb53f,#7fde79,53,2022-09-21T06:24:13Z,Backpack
573,#e57856,#aadf90,41,2022-12-28T11:17:23Z,Laptop Bag
574,#e930c3,#0f4737,72,2022-01-31T02:30:31Z,Cap
575,#036ca2,#cfb90e,79,2022-03-06T06:50:44Z,Laptop Bag
576,#7c6293,#608c5b,62,2022-12-23T19:13:35Z,Laptop Bag
577,#f824e5,#0928bd,11,2022-08-05T01:38:34Z,Backpack
578,#cda56e,#293286,65,2022-03-21T08:56:02Z,Cap
579,#9f5e1a,#e8575d,63,2022-08-29T18:27:50Z,Cap
580,#4dc0af,#3f2767,71,2022-03-25T18:43:35Z,Cap
581,#57797d,#6c4009,11,2022-09-07T14:02:05Z,Cap
582,#40b2e8,#3c5789,38,2022-09-16T16:12:47Z,Laptop Bag
583,#c8f2e1,#e2b8a3,40,2022-01-09T11:51:17Z,Backpack
584,#b068a2,#0fa34f,46,2022-04-23T01:00:48Z,Cap
585,#beb3ea,#e12696,6,2022-07-08T13:55:14Z,Backpack
586,#0c6ada,#bc604d,7,2022-12-31T04:42:17Z,Laptop Bag
587,#ee660e,#250d20,35,2023-01-08T16:34:04Z,Cap
588,#a198a2,#85849e,26,2022-07-10T09:56:07Z,Backpack
589,#b76b15,#b20ca4,35,2022-09-12T09:27:24Z,Cap
590,#0a9b79,#b717c8,26,2022-06-17T00:59:39Z,Laptop Bag
591,#3b8116,#5130eb,13,2022-05-25T20:39:06Z,Laptop Bag
592,#2379ab,#51e448,57,2022-04-20T14:23:53Z,Cap
593,#a17259,#1f800b,72,2022-07-01T19:27:05Z,Backpack
594,#c1e3f5,#142473,37,2022-04-29T20:01:05Z,Laptop Bag
595,#641f8a,#1e1e65,50,2022-09-23T13:48:09Z,Backpack
596,#05c292,#e78536,19,2022-11-16T22:24:28Z,Laptop Bag
597,#e53af5,#30a3e4,34,2022-07-14T09:39:10Z,Laptop Bag
598,#d481e7,#0f03ef,32,2022-07-01T23:47:29Z,Laptop Bag
599,#aa9443,#ef3496,76,2022-11-27T05:59:49Z,Cap
600,#e9e449,#396ec3,48,2022-11-09T15:21:41Z,Backpack
601,#1f0f84,#ef476a,58,2022-02-15T22:28:09Z,Cap
602,#f3f9d6,#afcea4,52,2022-03-14T16:17:30Z,Backpack
603,#88f80c,#193a0a,7,2022-05-19T22:02:00Z,Backpack
604,#704412,#640ea5,59,2022-12-07T18:17:20Z,Cap
605,#29dffa,#8f2d49,60,2022-11-14T03:19:25Z,Backpack
606,#964094,#7cb4b9,80,2022-02-08T04:27:10Z,Laptop Bag
607,#865aab,#a24202,49,2022-08-09T12:12:34Z,Laptop Bag
608,#df94f6,#604669,50,2022-02-05T23:22:14Z,Laptop Bag
609,#dd6b7c,#9d1050,59,2022-03-30T18:35:39Z,Cap
610,#813a6d,#0756b7,26,2022-07-20T12:34:29Z,Cap
611,#e2b9c2,#4eee6e,60,2022-12-10T16:06:37Z,Backpack
612,#1ef631,#cb953c,54,2022-07-03T01:47:33Z,Laptop Bag
613,#4dcecb,#aeefd8,31,2022-06-22T20:13:09Z,Backpack
614,#de7505,#0637c5,77,2022-09-03T17:40:33Z,Backpack
615,#dd1f55,#e085ce,64,2022-09-11T12:18:05Z,Laptop Bag
616,#147489,#b4e869,47,2022-12-28T03:32:56Z,Cap
617,#659f8e,#0490b7,18,2022-11-26T13:34:55Z,Cap
618,#b80bca,#2c2157,48,2022-06-14T08:45:13Z,Backpack
619,#767f52,#20cc14,80,2022-10-02T11:31:14Z,Cap
620,#59eb8c,#64441d,50,2022-08-10T01:22:49Z,Backpack
621,#52f97d,#bb1751,76,2022-09-30T10:37:08Z,Cap
622,#263bfe,#0f5358,66,2022-06-12T06:06:00Z,Laptop Bag
623,#fb0729,#948a92,12,2022-04-07T19:52:19Z,Cap
624,#38c76e,#403e3d,13,2022-02-19T01:29:18Z,Cap
625,#33db70,#d81055,75,2022-11-30T07:22:28Z,Cap
626,#9266de,#ecb4ec,50,2022-07-08T23:14:28Z,Laptop Bag
627,#d60b41,#fc70a0,9,2022-08-07T14:25:02Z,Laptop Bag
628,#e3deb0,#de9eec,37,2022-12-23T02:52:06Z,Backpack
629,#8a7610,#e5b5ac,25,2022-08-12T16:01:10Z,Cap
630,#4f1fce,#bd8ce9,37,2022-02-08T00:22:09Z,Cap
631,#72745d,#738dc5,77,2022-10-14T01:06:10Z,Backpack
632,#f7e603,#30f007,12,2022-06-14T04:52:19Z,Backpack
633,#38dfa7,#8629c4,46,2022-09-22T20:28:13Z,Backpack
634,#73d6b7,#5d4b1e,56,2022-02-14T04:33:06Z,Laptop Bag
635,#756901,#6af81e,42,2022-08-17T21:08:49Z,Cap
636,#e32ea4,#f16a0b,45,2022-01-10T11:36:07Z,Backpack
637,#b4bbdc,#49a5ee,63,2022-09-18T03:44:26Z,Laptop Bag
638,#9b9528,#5f6453,57,2022-06-03T15:14:24Z,Cap
639,#b9d5d1,#4bb36e,43,2022-04-27T17:29:09Z,Backpack
640,#d98751,#cbde0f,72,2022-08-19T23:15:58Z,Backpack
641,#21439b,#9f693d,6,2023-01-07T20:05:43Z,Backpack
642,#cca045,#a7ec11,45,2022-09-19T07:41:17Z,Laptop Bag
643,#06264a,#2c1ce5,72,2022-12-13T03:06:49Z,Cap
644,#37e759,#3fd1f2,79,2022-06-22T02:39:24Z,Backpack
645,#4d8ad1,#f19ca5,73,2022-07-08T20:26:29Z,Backpack
646,#5013e0,#27e181,52,2022-09-24T03:21:34Z,Laptop Bag
647,#c871e7,#e25370,20,2022-03-22T23:36:36Z,Cap
648,#931aba,#90bc13,16,2022-05-07T17:27:59Z,Laptop Bag
649,#8ade9e,#7e816f,39,2022-10-11T05:05:40Z,Backpack
650,#9bfce3,#7f0417,59,2022-04-08T20:55:30Z,Laptop Bag
651,#57382b,#66209d,71,2022-06-24T02:01:58Z,Laptop Bag
652,#70f35f,#dadc67,36,2022-09-16T15:45:03Z,Backpack
653,#4b33ed,#442f79,47,2022-03-06T07:26:34Z,Backpack
654,#64bf18,#c0c8a2,20,2022-06-09T19:21:15Z,Laptop Bag
655,#38d9e9,#7e33c6,19,2022-09-13T01:14:48Z,Laptop Bag
656,#de7bc7,#abe8a4,75,2022-05-16T03:24:41Z,Laptop Bag
657,#3cd6c3,#8d7f66,5,2022-06-05T12:02:53Z,Cap
658,#d57fef,#3c6b18,70,2022-02-21T01:04:05Z,Backpack
659,#f34867,#a65959,60,2022-06-16T11:18:41Z,Backpack
660,#c2230b,#5435a7,69,2022-09-26T01:59:00Z,Laptop Bag
661,#5e4755,#076a1b,70,2022-08-24T07:09:29Z,Backpack
662,#dd70ae,#8b2c18,36,2022-10-27T03:05:32Z,Cap
663,#6b6eb0,#abb56d,10,2022-10-01T07:09:21Z,Cap
664,#fe89b0,#505e18,33,2022-06-03T07:08:52Z,Cap
665,#e5c00a,#ddcfd0,41,2022-02-06T01:59:23Z,Cap
666,#deee82,#d005eb,61,2022-05-09T02:24:00Z,Laptop Bag
667,#3d3eff,#3b7dad,70,2022-08-09T20:36:55Z,Cap
668,#bbbf29,#56ce03,65,2022-05-20T06:24:06Z,Laptop Bag
669,#6e13d7,#cdfb32,19,2022-03-31T05:24:54Z,Cap
670,#7cc07c,#b97222,16,2022-11-22T02:38:46Z,Backpack
671,#fc3161,#3d79ec,51,2022-04-22T07:28:14Z,Backpack
672,#05aad4,#52bb53,31,2022-02-15T12:27:34Z,Backpack
673,#f5115d,#f630ab,67,2022-09-10T16:28:14Z,Laptop Bag
674,#f2d8c6,#a698ae,31,2022-05-04T10:56:26Z,Cap
675,#284072,#40d3b6,12,2022-07-20T13:15:29Z,Backpack
676,#49adf2,#fc04e4,21,2022-11-22T23:17:33Z,Backpack
677,#8d2964,#7cf49c,16,2023-01-05T03:02:53Z,Laptop Bag
678,#6a1cfb,#c5ff48,17,2022-07-19T10:25:14Z,Cap
679,#6e2f42,#d5996a,75,2022-07-02T07:23:49Z,Cap
680,#5991ee,#2c5bff,20,2022-10-18T02:44:24Z,Cap
681,#36d159,#d51b45,57,2022-06-15T08:03:09Z,Laptop Bag
682,#c138a3,#81f7fc,36,2022-09-17T14:15:06Z,Laptop Bag
683,#028637,#aff21c,67,2022-10-26T22:11:00Z,Cap
684,#6952a3,#d1cc62,44,2022-05-21T07:26:05Z,Backpack
685,#e62358,#333ea5,5,2022-09-16T19:02:52Z,Backpack
686,#e505de,#e41a91,10,2022-06-01T14:12:40Z,Backpack
687,#db1609,#4934ad,50,2022-09-25T08:33:11Z,Laptop Bag
688,#0e4e46,#08310f,39,2022-10-22T21:44:24Z,Laptop Bag
689,#bc2a63,#10147b,73,2022-06-07T07:53:30Z,Cap
690,#13e9aa,#102b10,76,2022-03-03T12:08:33Z,Cap
691,#183675,#802ac7,23,2022-01-13T19:55:30Z,Backpack
692,#8f7537,#5b2b1d,15,2022-06-15T13:37:11Z,Cap
693,#eace6a,#16d026,69,2022-09-22T12:44:23Z,Cap
694,#fa5f35,#5aa4cd,43,2022-11-03T20:15:04Z,Backpack
695,#ee7e2a,#ca91d0,49,2022-11-18T11:48:02Z,Cap
696,#79b0b7,#d7854d,24,2022-08-13T15:47:35Z,Backpack
697,#10a8b6,#21ecba,9,2022-01-10T18:33:28Z,Cap
698,#0a9a44,#c652c1,80,2022-12-23T02:00:38Z,Cap
699,#ad209e,#f827bf,71,2022-06-20T22:07:24Z,Cap
700,#3297d5,#638678,13,2022-07-15T23:47:17Z,Cap
701,#a45eef,#5eebc3,65,2022-11-01T18:41:47Z,Laptop Bag
702,#ae559f,#05964a,68,2022-07-12T05:39:29Z,Cap
703,#bde1ce,#367b16,76,2022-04-08T23:49:00Z,Backpack
704,#a2025c,#9fe5d7,13,2022-09-06T18:39:02Z,Laptop Bag
705,#8cd9ea,#09aa1e,64,2022-08-02T18:37:52Z,Laptop Bag
706,#2923db,#2d3855,11,2022-08-19T03:32:50Z,Laptop Bag
707,#1958bf,#bd132a,62,2022-12-26T17:21:12Z,Laptop Bag
708,#5ce4a2,#3776c9,70,2022-01-14T22:01:19Z,Laptop Bag
709,#19b391,#3ea3c3,73,2022-11-22T17:54:21Z,Cap
710,#68077d,#6b4176,54,2022-03-18T16:46:58Z,Laptop Bag
711,#2bbe98,#67f0bc,75,2022-07-18T05:04:09Z,Laptop Bag
712,#5b51ca,#58e3ed,51,2022-01-18T10:17:54Z,Laptop Bag
713,#ff9caa,#6fe591,72,2022-03-03T03:53:40Z,Laptop Bag
714,#2c9997,#0547fb,21,2022-12-12T15:56:00Z,Backpack
715,#2e34df,#c20313,16,2022-01-13T13:19:09Z,Laptop Bag
716,#40ec4b,#8d385b,38,2022-10-12T05:57:41Z,Cap
717,#ac49f8,#0fa908,73,2022-11-10T02:52:34Z,Laptop Bag
718,#6ebe18,#3242c9,29,2022-08-10T01:42:40Z,Laptop Bag
719,#d6994f,#c1ed4e,45,2022-10-22T15:20:02Z,Backpack
720,#7a5721,#6feea0,26,2022-05-27T09:54:38Z,Cap
721,#338253,#64c194,50,2022-04-19T05:14:34Z,Backpack
722,#7137d2,#d5969c,57,2022-04-01T21:29:09Z,Cap
723,#1e7ff0,#86391e,10,2022-08-28T20:46:51Z,Backpack
724,#a6761a,#cafa3d,42,2022-07-08T05:03:18Z,Backpack
725,#661663,#0c6034,34,2022-06-14T05:32:52Z,Cap
726,#4dee5e,#8fa332,24,2022-10-02T17:42:02Z,Cap
727,#f1858e,#d427c5,27,2022-05-24T02:50:16Z,Cap
728,#9bba7f,#0cb324,6,2022-05-19T08:01:37Z,Backpack
729,#ff81e7,#5c63c3,72,2022-09-06T18:13:37Z,Backpack
730,#134323,#c56922,37,2022-06-07T21:47:07Z,Cap
731,#e59513,#920a33,80,2022-04-14T06:26:05Z,Laptop Bag
732,#f021d7,#bb9959,36,2022-11-29T18:06:27Z,Backpack
733,#9e938a,#50f9e3,59,2022-09-16T13:28:34Z,Backpack
734,#580ca8,#35eab9,66,2022-02-07T04:34:39Z,Cap
735,#56045d,#f7a76b,59,2022-11-10T04:05:06Z,Backpack
736,#edf1c7,#9f610b,47,2022-04-21T19:59:28Z,Backpack
737,#d37bae,#7401fd,31,2022-05-14T21:26:37Z,Backpack
738,#71092e,#32d548,45,2022-01-22T14:30:58Z,Backpack
739,#a18941,#20afa6,14,2022-11-22T10:06:27Z,Cap
740,#744ef3,#819c8b,12,2022-09-26T01:46:08Z,Cap
741,#ff8495,#5186c3,75,2022-03-01T14:01:45Z,Cap
742,#e5a811,#4d763c,44,2022-01-09T21:23:46Z,Cap
743,#0a937a,#cd710d,69,2022-06-09T02:37:11Z,Cap
744,#1224ee,#dcab16,65,2022-11-03T08:50:59Z,Laptop Bag
745,#3f9324,#a4625a,20,2022-07-17T05:05:18Z,Laptop Bag
746,#b6f60d,#2c2885,65,2022-05-27T19:07:29Z,Backpack
747,#9546ba,#b0e304,16,2022-10-16T19:03:47Z,Cap
748,#d7b943,#4f4377,42,2022-10-19T12:57:40Z,Cap
749,#f0f23f,#536f6d,6,2022-03-07T08:22:33Z,Laptop Bag
750,#1c39ae,#8586b3,69,2022-12-03T06:44:57Z,Backpack
751,#bb9199,#8e2e16,37,2022-02-19T07:29:35Z,Cap
752,#16fa54,#6a8530,33,2022-09-13T02:24:30Z,Laptop Bag
753,#4b957e,#59688e,56,2022-07-30T12:03:43Z,Cap
754,#642ff9,#5346bb,13,2022-02-17T14:00:33Z,Backpack
755,#91472c,#dd1012,51,2022-04-27T13:41:35Z,Backpack
756,#50b494,#fd7286,36,2022-09-12T21:03:02Z,Backpack
757,#a3e3c2,#6f4ac0,36,2022-06-04T22:58:56Z,Backpack
758,#77be69,#9a1331,50,2022-10-30T06:24:10Z,Cap
759,#d18821,#8e269b,16,2022-03-20T23:01:34Z,Laptop Bag
760,#b44465,#d988a5,58,2022-05-30T20:54:02Z,Backpack
761,#332dab,#269166,7,2022-02-28T08:39:29Z,Backpack
762,#9d7f84,#a77d1f,78,2022-08-05T12:24:10Z,Backpack
763,#6b8a2b,#236b4d,19,2022-04-20T22:21:53Z,Cap
764,#c188a1,#0a941c,69,2022-03-20T18:32:01Z,Cap
765,#3e8ccf,#f78f57,37,2022-07-26T02:16:51Z,Laptop Bag
766,#5bf8e0,#eb5a65,21,2022-12-19T18:37:30Z,Backpack
767,#0d33b4,#4c7d20,20,2022-02-25T09:34:36Z,Backpack
768,#ec927d,#31676a,76,2022-06-17T21:08:28Z,Cap
769,#f67b6d,#f61de6,41,2022-10-07T12:19:17Z,Cap
770,#182c80,#f276fc,48,2022-09-25T05:01:14Z,Laptop Bag
771,#7197a5,#522ad3,69,2022-08-01T01:43:45Z,Backpack
772,#e52867,#9acb60,5,2022-12-06T05:17:22Z,Laptop Bag
773,#661516,#f3ed16,24,2022-12-11T12:54:55Z,Backpack
774,#b9ed9f,#254a0e,38,2022-08-12T00:44:31Z,Backpack
775,#6233f4,#c492f7,10,2022-03-01T08:42:02Z,Laptop Bag
776,#98daab,#f39d70,61,2022-01-27T20:03:39Z,Laptop Bag
777,#927ba7,#9490b1,20,2022-03-25T20:10:20Z,Backpack
778,#a7281e,#123186,31,2022-02-03T20:26:06Z,Laptop Bag
779,#812764,#62dda9,30,2022-03-23T14:45:51Z,Laptop Bag
780,#a6bb59,#17767f,33,2022-06-02T17:29:25Z,Cap
781,#b58bd5,#beef58,19,2022-11-02T10:36:26Z,Backpack
782,#b19d7c,#ea4f7d,49,2022-04-01T20:25:48Z,Cap
783,#85d34a,#9e4d6a,28,2022-06-08T01:56:48Z,Cap
784,#bba81b,#73c15a,43,2022-07-04T10:24:23Z,Backpack
785,#a2048b,#e4c37d,51,2022-06-22T03:25:26Z,Backpack
786,#f60841,#456f83,38,2023-01-05T08:28:49Z,Cap
787,#5cb0ec,#c952f8,24,2022-12-20T01:15:37Z,Cap
788,#c00bf4,#4e95bf,28,2022-03-20T20:35:58Z,Laptop Bag
789,#8a368d,#617ce7,26,2022-03-12T01:02:44Z,Cap
790,#237d02,#b41923,70,2022-01-22T14:28:11Z,Cap
791,#032c56,#815c82,47,2022-05-06T09:00:26Z,Backpack
792,#fd7372,#ed64d8,22,2022-02-22T00:18:59Z,Backpack
793,#3f01d6,#5f521f,73,2022-08-12T17:52:14Z,Laptop Bag
794,#95d458,#9ff6aa,8,2022-05-20T21:37:07Z,Cap
795,#b9ff23,#9abac0,21,2022-05-15T16:58:59Z,Cap
796,#dbc428,#60087e,54,2022-09-28T10:26:15Z,Backpack
797,#28fb54,#4df9fe,55,2022-12-23T06:47:30Z,Backpack
798,#3fb8a7,#049db1,22,2022-09-21T05:19:36Z,Laptop Bag
799,#8bb5c6,#b69630,12,2023-01-05T09:22:28Z,Cap
800,#9a4d2e,#f1005f,59,2022-05-30T06:16:34Z,Cap
801,#21de6f,#e7c65a,39,2022-02-04T05:18:34Z,Backpack
802,#373ece,#a86b90,5,2022-03-06T07:43:01Z,Cap
803,#6315cb,#e8d4b7,5,2022-01-25T03:42:53Z,Backpack
804,#ab041e,#4f0b2c,21,2022-05-27T18:31:20Z,Cap
805,#eced42,#165dd0,52,2022-06-27T23:57:18Z,Backpack
806,#51c217,#fd48eb,78,2022-02-04T01:03:39Z,Cap
807,#62fa73,#5423c2,19,2022-12-08T04:44:15Z,Laptop Bag
808,#ba4bde,#5034cf,18,2022-05-16T21:56:13Z,Backpack
809,#decf65,#ff3685,16,2022-06-20T22:43:25Z,Backpack
810,#1e619b,#52b714,54,2022-12-29T06:52:42Z,Backpack
811,#e95516,#e6f2f5,10,2022-05-15T05:04:27Z,Laptop Bag
812,#cbf34a,#bf7d46,47,2022-08-02T22:55:49Z,Cap
813,#ac59c5,#bd89ad,17,2022-11-25T21:31:51Z,Cap
814,#7203e7,#10b3bc,64,2022-05-15T15:56:34Z,Cap
815,#157022,#7a542d,16,2022-08-28T18:19:47Z,Cap
816,#43ee21,#67ac81,43,2022-11-08T08:20:13Z,Cap
817,#e36e83,#2d98a3,21,2022-04-04T12:11:33Z,Backpack
818,#048780,#b7bc23,78,2022-01-18T16:05:03Z,Cap
819,#f9f17d,#744ba0,75,2023-01-07T14:08:30Z,Cap
820,#b203fb,#b4c86c,8,2022-08-04T18:57:00Z,Laptop Bag
821,#0cfe78,#8ffe90,43,2022-09-23T14:44:24Z,Laptop Bag
822,#7937ca,#334844,5,2022-06-05T16:40:47Z,Laptop Bag
823,#c7eb63,#0e7e8d,67,2022-08-03T01:16:58Z,Backpack
824,#a6ccc5,#1d69cf,73,2022-01-28T11:42:57Z,Laptop Bag
825,#ff1e27,#cf9314,45,2022-06-01T07:53:06Z,Cap
826,#97a112,#c0a441,47,2022-02-17T13:53:42Z,Cap
827,#0954d0,#1f3e78,27,2022-11-02T15:52:20Z,Laptop Bag
828,#b44864,#97e7d6,68,2022-09-23T20:42:16Z,Backpack
829,#86d383,#aa023b,21,2022-05-21T04:56:48Z,Backpack
830,#55fefd,#fc8306,42,2022-06-04T23:27:17Z,Cap
831,#d354cb,#90de84,65,2022-03-29T14:40:04Z,Cap
832,#66277a,#700a1e,11,2022-07-20T11:51:28Z,Backpack
833,#e711eb,#9b9397,59,2022-05-14T13:46:14Z,Laptop Bag
834,#4754fe,#39b0c8,65,2022-10-11T10:39:21Z,Laptop Bag
835,#61630e,#c60092,28,2022-05-17T17:15:06Z,Backpack
836,#3e37f9,#50582a,47,2022-05-20T07:02:59Z,Laptop Bag
837,#dc1880,#a34af8,48,2022-09-05T23:58:14Z,Laptop Bag
838,#7dc8be,#40dd7e,33,2022-03-22T18:59:58Z,Laptop Bag
839,#4695d2,#d49234,74,2022-12-15T12:20:33Z,Backpack
840,#241d4c,#c451c9,17,2022-08-28T03:32:21Z,Laptop Bag
841,#1b33cf,#e681f0,8,2022-01-24T10:29:24Z,Cap
842,#028ea1,#b4a748,27,2022-11-09T13:49:17Z,Laptop Bag
843,#d208f7,#0f0cb0,5,2022-03-06T04:29:13Z,Laptop Bag
844,#8b3de2,#3c7783,37,2022-07-06T11:41:44Z,Laptop Bag
845,#a615df,#7d10de,53,2022-08-05T14:04:02Z,Cap
846,#46001c,#8c991f,26,2022-08-24T07:50:06Z,Cap
847,#05d179,#b11de5,44,2022-11-23T22:42:20Z,Cap
848,#828072,#137a5e,42,2022-11-26T20:02:05Z,Backpack
849,#18f126,#6ffb0a,9,2022-04-01T14:42:28Z,Backpack
850,#fa0ec1,#b90f96,72,2022-04-22T05:35:23Z,Cap
851,#107fdc,#736365,17,2022-08-31T10:38:57Z,Cap
852,#7aa052,#8bd98b,36,2022-07-29T11:19:15Z,Laptop Bag
853,#bbc61b,#c6ac1e,32,2022-03-16T13:39:26Z,Backpack
854,#94fa99,#7d11cf,44,2022-02-13T08:27:10Z,Backpack
855,#e3c616,#ea04c6,58,2022-08-14T00:25:35Z,Laptop Bag
856,#54cb2a,#0dd9de,11,2022-10-16T21:32:23Z,Backpack
857,#034284,#104f42,61,2022-05-31T06:02:26Z,Laptop Bag
858,#af985b,#4408a1,45,2022-06-11T22:19:41Z,Laptop Bag
859,#d67384,#bda4d2,64,2022-06-21T08:29:32Z,Backpack
860,#c7dabb,#19cc2e,34,2022-08-30T14:16:52Z,Backpack
861,#fe3d6b,#3841cc,18,2022-06-16T16:02:32Z,Laptop Bag
862,#c638cb,#fe0e45,74,2022-10-30T15:40:09Z,Backpack
863,#70c7f7,#508764,30,2022-02-24T16:17:23Z,Backpack
864,#e32cc1,#48a82d,28,2022-01-26T13:31:16Z,Cap
865,#36b6b8,#5598a4,30,2022-04-08T00:42:11Z,Cap
866,#1b61b3,#84991f,30,2022-07-20T08:44:43Z,Cap
867,#b6987c,#61061b,44,2022-10-31T14:45:57Z,Backpack
868,#78b5de,#864e21,19,2022-11-18T13:37:18Z,Laptop Bag
869,#13e21e,#935ac7,63,2022-09-04T01:07:50Z,Laptop Bag
870,#77c7c9,#ed2f58,7,2022-03-07T12:15:49Z,Laptop Bag
871,#6d699d,#93f086,32,2022-05-24T08:22:26Z,Laptop Bag
872,#e5a0c5,#86df87,7,2022-03-10T09:45:39Z,Cap
873,#8c9b54,#b336e2,6,2022-01-31T12:04:58Z,Backpack
874,#42dce4,#c13d6f,7,2022-12-03T20:58:31Z,Laptop Bag
875,#6fbf04,#0495c7,54,2022-11-07T01:11:07Z,Backpack
876,#e67c3f,#f3ead3,11,2022-09-07T19:34:04Z,Cap
877,#bd248f,#3c64e2,26,2022-03-10T01:58:00Z,Cap
878,#fbbbf8,#a22d90,21,2022-07-25T20:24:46Z,Laptop Bag
879,#8e5b1b,#4854f7,48,2022-05-04T08:20:52Z,Backpack
880,#6b97b9,#0dc41a,39,2022-07-17T23:23:31Z,Backpack
881,#404567,#d921b4,19,2022-03-02T10:25:56Z,Laptop Bag
882,#10a01f,#394194,53,2022-08-05T20:31:58Z,Laptop Bag
883,#034725,#662bbd,5,2022-03-11T01:58:37Z,Laptop Bag
884,#ff6714,#2471e3,54,2022-04-19T06:02:49Z,Backpack
885,#4d2c5f,#f4d58a,40,2022-02-19T11:09:33Z,Cap
886,#ecf851,#14eea5,74,2022-09-08T13:12:22Z,Cap
887,#71c650,#efe9f9,65,2022-11-29T07:31:50Z,Laptop Bag
888,#1604ce,#75f065,56,2022-11-27T12:11:58Z,Laptop Bag
889,#021776,#3f012c,52,2022-12-09T03:25:15Z,Cap
890,#ea7d5f,#bdc1a9,27,2023-01-06T13:03:06Z,Laptop Bag
891,#d0db45,#b85fe2,72,2022-09-09T06:07:42Z,Cap
892,#929877,#69ef40,16,2022-11-04T23:06:19Z,Backpack
893,#6c3e5e,#6e7ff8,16,2022-11-17T21:20:53Z,Backpack
894,#43f296,#a73318,62,2022-04-24T20:30:18Z,Laptop Bag
895,#b11360,#cc1f49,11,2022-03-20T10:02:13Z,Laptop Bag
896,#44c9af,#f6fb3a,61,2022-04-08T16:24:17Z,Cap
897,#c1ac21,#5653b7,31,2022-08-19T11:15:42Z,Backpack
898,#85c8f1,#e7d780,72,2022-09-09T16:49:29Z,Backpack
899,#d69b77,#9effc3,20,2022-11-22T05:57:49Z,Backpack
900,#7c0474,#aa8fb7,54,2022-06-15T01:58:45Z,Cap
901,#8c2ebe,#d51037,77,2022-03-15T02:37:32Z,Cap
902,#19e105,#28bc8f,33,2022-03-12T23:16:21Z,Backpack
903,#877310,#11cf09,74,2022-09-02T14:34:31Z,Laptop Bag
904,#18d7e8,#3c84f9,58,2022-10-18T02:45:13Z,Cap
905,#0102a2,#5ea556,75,2022-10-19T13:46:06Z,Cap
906,#8d5482,#f32ae0,24,2022-12-18T13:10:48Z,Cap
907,#8f74e9,#8229f6,79,2022-08-15T20:00:21Z,Cap
908,#b2922b,#140c13,33,2022-01-18T15:27:56Z,Laptop Bag
909,#4f6f09,#9f0495,34,2022-04-05T04:54:57Z,Backpack
910,#99a4ca,#3ae54c,43,2022-12-16T17:11:05Z,Laptop Bag
911,#5d5a22,#743ae4,16,2022-07-13T22:29:16Z,Cap
912,#eeb497,#a63668,27,2022-03-22T08:59:47Z,Cap
913,#53b359,#7ba629,29,2022-12-29T08:50:27Z,Backpack
914,#bd6fad,#db7bcb,36,2022-07-29T19:51:49Z,Cap
915,#007ba8,#ed5dd3,26,2022-01-30T20:16:17Z,Laptop Bag
916,#cc85d6,#7c0de2,71,2022-03-28T08:24:25Z,Cap
917,#c79e0d,#ae70e4,52,2022-09-24T12:39:51Z,Cap
918,#6c47a8,#4d7efd,65,2022-04-19T18:05:05Z,Laptop Bag
919,#9622a8,#b5961d,51,2022-01-21T13:31:16Z,Cap
920,#d479ca,#c6a2e2,62,2022-12-02T06:33:31Z,Cap
921,#facacc,#f9a265,51,2022-10-29T07:34:39Z,Cap
922,#329f3f,#74ed59,32,2022-11-28T14:01:39Z,Backpack
923,#b43078,#1ef23f,57,2022-04-25T13:16:28Z,Cap
924,#7b46a0,#d95585,72,2022-07-06T03:35:56Z,Laptop Bag
925,#4850a0,#d1664c,80,2022-05-20T11:02:19Z,Laptop Bag
926,#90f2f5,#412583,66,2022-07-29T19:08:47Z,Cap
927,#fa8541,#7f0082,73,2022-10-18T11:01:00Z,Backpack
928,#401c09,#88967d,74,2022-07-13T11:10:33Z,Backpack
929,#35b789,#71eb9b,15,2022-04-08T09:13:43Z,Cap
930,#f62290,#9d0ef2,48,2022-08-20T07:10:43Z,Cap
931,#6ef123,#213634,39,2022-03-16T13:12:20Z,Laptop Bag
932,#c0d927,#a97f0a,64,2022-10-16T08:22:36Z,Laptop Bag
933,#ad9300,#579585,72,2022-03-31T16:54:14Z,Laptop Bag
934,#84068e,#c0527a,63,2022-09-25T22:04:38Z,Cap
935,#c9b29b,#1e8ea4,22,2022-04-10T02:57:05Z,Backpack
936,#72ed58,#23dc03,32,2022-02-28T07:30:00Z,Backpack
937,#e82079,#c34cc2,70,2022-04-08T01:16:35Z,Laptop Bag
938,#36d448,#7cfed6,13,2022-08-20T07:27:35Z,Cap
939,#91fbc7,#8acb50,72,2022-01-31T04:55:24Z,Backpack
940,#2cee17,#0be285,62,2022-11-01T05:24:24Z,Cap
941,#d77b34,#f48056,24,2023-01-01T05:42:12Z,Cap
942,#d5989b,#24a311,65,2022-06-09T17:28:06Z,Cap
943,#d10a02,#27bd7e,58,2022-12-01T20:37:42Z,Backpack
944,#c18a99,#d0bc82,40,2022-08-22T08:06:00Z,Backpack
945,#1c637c,#6512c9,35,2022-10-23T08:35:51Z,Laptop Bag
946,#6e53cc,#16e542,53,2022-12-22T08:08:21Z,Laptop Bag
947,#4d5d24,#702e30,80,2022-05-08T14:21:04Z,Laptop Bag
948,#19a28c,#9d368e,6,2022-09-21T07:15:24Z,Cap
949,#bdaaee,#d41d45,27,2022-04-13T16:38:38Z,Laptop Bag
950,#ccdd9d,#ecdca2,23,2022-11-15T20:19:26Z,Laptop Bag
951,#56b949,#c241a4,39,2022-01-29T01:52:29Z,Cap
952,#a1b75c,#6d7310,32,2022-08-22T04:14:00Z,Cap
953,#234ee2,#3a03f0,25,2022-08-27T10:38:00Z,Backpack
954,#57b997,#3d23a8,74,2022-03-23T23:09:42Z,Backpack
955,#43f3d6,#d508be,73,2022-06-29T09:35:42Z,Backpack
956,#090509,#2e8c0d,75,2022-03-26T01:35:21Z,Laptop Bag
957,#304d42,#0cc70e,24,2022-05-11T03:15:34Z,Cap
958,#d9bf22,#359d96,64,2022-06-20T14:20:56Z,Cap
959,#edfb4c,#3eb539,79,2022-10-02T04:42:00Z,Laptop Bag
960,#256ec4,#e61033,59,2022-04-28T11:08:13Z,Laptop Bag
961,#ae3564,#817830,74,2022-10-21T10:22:44Z,Backpack
962,#7da045,#219399,52,2022-11-14T06:52:17Z,Backpack
963,#11824d,#6d3940,56,2022-04-28T10:16:49Z,Laptop Bag
964,#11f324,#21e9bd,31,2022-11-02T15:41:46Z,Laptop Bag
965,#9a2a87,#2d1faf,35,2022-04-21T21:16:08Z,Backpack
966,#234495,#7585ec,37,2022-06-30T07:09:41Z,Cap
967,#2996ac,#0c2919,13,2022-08-03T02:17:49Z,Laptop Bag
968,#6fac52,#f9045b,77,2022-06-28T07:16:18Z,Backpack
969,#88a05e,#2cca46,63,2022-08-29T13:46:53Z,Backpack
970,#a02ead,#aea839,10,2022-10-19T20:33:05Z,Backpack
971,#aa2e5d,#7213d2,7,2022-02-19T21:22:54Z,Laptop Bag
972,#3da803,#7632ce,72,2023-01-06T04:00:04Z,Backpack
973,#23b8fe,#39613d,78,2022-10-20T00:59:42Z,Laptop Bag
974,#e25b72,#efc8e8,16,2022-07-23T16:56:54Z,Laptop Bag
975,#f85798,#a24eca,60,2022-06-27T19:32:05Z,Cap
976,#c27d49,#83b0ae,51,2022-01-24T23:29:42Z,Backpack
977,#d59c0a,#b0eef4,32,2022-12-22T04:35:15Z,Backpack
978,#e0d26c,#01864b,31,2022-10-14T04:15:13Z,Cap
979,#5c8eb6,#25f191,16,2022-06-10T21:21:54Z,Backpack
980,#28bdd1,#c56255,9,2022-10-31T15:59:24Z,Cap
981,#d9992e,#62ceb6,56,2022-02-23T12:13:43Z,Cap
982,#91759f,#d7e673,71,2022-07-29T13:01:29Z,Laptop Bag
983,#0cb675,#3205ee,21,2022-02-01T13:55:07Z,Backpack
984,#0eee5f,#9e219c,8,2022-01-21T18:37:20Z,Cap
985,#ed8dab,#223ed3,50,2022-10-09T11:32:19Z,Laptop Bag
986,#e4fb28,#07a80b,15,2022-01-10T18:41:48Z,Cap
987,#1c9a40,#787090,9,2022-11-03T00:34:09Z,Laptop Bag
988,#ff352d,#443e02,25,2022-01-17T19:46:53Z,Backpack
989,#7fac7d,#bc900a,24,2022-10-31T19:04:56Z,Laptop Bag
990,#a01ed9,#f4a6ec,43,2022-05-21T14:14:11Z,Cap
991,#329140,#87fa39,50,2022-08-11T10:27:52Z,Cap
992,#8fbf51,#1bb5cd,16,2022-01-09T20:16:56Z,Laptop Bag
993,#22326e,#99ff1f,75,2022-05-27T05:25:49Z,Laptop Bag
994,#33286d,#9ed255,47,2022-04-27T21:20:09Z,Cap
995,#b93552,#10fde4,72,2022-03-28T01:04:32Z,Laptop Bag
996,#fc1357,#d175b9,51,2022-01-22T07:35:52Z,Laptop Bag
997,#ae8847,#cfd8a6,74,2023-01-04T02:18:29Z,Backpack
998,#f28ab7,#ea0559,26,2022-08-04T17:14:50Z,Backpack
999,#c78f9e,#ace168,62,2022-05-04T01:48:27Z,Cap
1000,#8b54f6,#48fda6,78,2022-08-19T14:07:05Z,Cap
